CRD,firstName,lastName,suffix,canSellDate,levelGroup,mailingStreet,mailingCity,mailingStateProvince,mailingZipPostalCode,territory,workPhone,homePhone,mobilePhone,workEmail,personalEmail,otherEmail,area,region,regionalLeader,levelLeader,fieldTrainerLeader,performanceLeader,boaName,id
37-946-8815,Aubrey,Domenichini,IV,2017-07-28,Business Development,Heffernan,Mobile,Alabama,36670,Finance,251-359-6015,217-942-1917,202-900-0636,America/Chicago,America/Chicago,America/New_York,Savings Institutions,United States,Aubrey Domenichini,Aubrey Domenichini,Aubrey Domenichini,Aubrey Domenichini,Aubrey Domenichini,1
38-914-8729,Corney,Preble,Sr,2016-08-11,Engineering,Rusk,Beaumont,Texas,77713,Finance,409-994-9772,803-494-2707,212-523-2722,America/Chicago,America/New_York,America/New_York,Business Services,United States,Corney Preble,Corney Preble,Corney Preble,Corney Preble,Corney Preble,2
98-248-8426,Annemarie,Forman,Jr,2018-01-09,Research and Development,Mcguire,El Paso,Texas,88584,Finance,915-630-4734,701-178-5695,202-673-9257,America/Denver,America/Chicago,America/New_York,Major Banks,United States,Annemarie Forman,Annemarie Forman,Annemarie Forman,Annemarie Forman,Annemarie Forman,3
64-170-1387,Hammad,Beining,IV,2015-05-29,Training,Elmside,Rochester,New York,14609,Consumer Services,585-462-1732,916-652-7373,316-872-9476,America/New_York,America/Los_Angeles,America/Chicago,Real Estate Investment Trusts,United States,Hammad Beining,Hammad Beining,Hammad Beining,Hammad Beining,Hammad Beining,4
98-925-9160,Reynold,Pfeiffer,III,2017-01-11,Support,Maywood,Saint Louis,Missouri,63110,Technology,314-637-8235,801-514-4908,515-698-1018,America/Chicago,America/Denver,America/Chicago,Computer peripheral equipment,United States,Reynold Pfeiffer,Reynold Pfeiffer,Reynold Pfeiffer,Reynold Pfeiffer,Reynold Pfeiffer,5
14-334-1688,Artemas,Jovey,IV,2017-03-08,Sales,Quincy,Colorado Springs,Colorado,80940,Capital Goods,719-999-4200,205-703-6508,410-711-3098,America/Denver,America/Chicago,America/New_York,Electrical Products,United States,Artemas Jovey,Artemas Jovey,Artemas Jovey,Artemas Jovey,Artemas Jovey,6
28-699-7121,Germain,Vella,II,2017-04-27,Sales,Mifflin,Chicago,Illinois,60652,n/a,773-405-2301,317-671-3407,512-611-8453,America/Chicago,America/Indiana/Indianapolis,America/Chicago,n/a,United States,Germain Vella,Germain Vella,Germain Vella,Germain Vella,Germain Vella,7
53-794-2438,Modesty,Crick,Jr,2017-04-04,Product Management,Continental,Glendale,Arizona,85311,Health Care,602-405-9580,209-344-4811,860-275-2786,America/Phoenix,America/Los_Angeles,America/New_York,Major Pharmaceuticals,United States,Modesty Crick,Modesty Crick,Modesty Crick,Modesty Crick,Modesty Crick,8
17-050-3892,Bernarr,Ferriday,II,2017-02-02,Business Development,Old Shore,Grand Forks,North Dakota,58207,n/a,701-564-5441,806-383-3769,505-857-8065,America/Chicago,America/Chicago,America/Denver,n/a,United States,Bernarr Ferriday,Bernarr Ferriday,Bernarr Ferriday,Bernarr Ferriday,Bernarr Ferriday,9
88-930-9564,Winny,Dmych,II,2016-09-04,Support,Buhler,Jacksonville,Florida,32259,Health Care,904-834-9725,209-941-0224,937-657-8974,America/Kentucky/Monticello,America/Los_Angeles,America/New_York,Major Pharmaceuticals,United States,Winny Dmych,Winny Dmych,Winny Dmych,Winny Dmych,Winny Dmych,10
67-178-3304,Lissie,Farnin,III,2016-08-16,Support,Birchwood,Greenville,South Carolina,29610,Basic Industries,864-733-9171,806-108-5168,215-235-4152,America/New_York,America/Chicago,America/New_York,Steel/Iron Ore,United States,Lissie Farnin,Lissie Farnin,Lissie Farnin,Lissie Farnin,Lissie Farnin,11
56-623-9234,Rogers,Moreing,II,2015-10-31,Engineering,Heath,Hamilton,Ohio,45020,n/a,937-134-9210,360-720-7840,205-863-2947,America/New_York,America/Los_Angeles,America/Chicago,n/a,United States,Rogers Moreing,Rogers Moreing,Rogers Moreing,Rogers Moreing,Rogers Moreing,12
22-088-4802,Orv,Snarr,Jr,2016-06-29,Training,Prairie Rose,Montgomery,Alabama,36109,Consumer Non-Durables,334-496-3885,206-790-5810,843-674-8605,America/Chicago,America/Los_Angeles,America/New_York,Beverages (Production/Distribution),United States,Orv Snarr,Orv Snarr,Orv Snarr,Orv Snarr,Orv Snarr,13
20-731-1533,Karylin,Cobon,Jr,2017-06-11,Legal,2nd,Milwaukee,Wisconsin,53215,Consumer Non-Durables,414-998-0764,816-649-3025,515-718-7418,America/Chicago,America/Chicago,America/Chicago,Package Goods/Cosmetics,United States,Karylin Cobon,Karylin Cobon,Karylin Cobon,Karylin Cobon,Karylin Cobon,14
47-302-6126,Emile,Haeslier,Sr,2017-03-16,Services,Calypso,Houston,Texas,77075,Finance,281-783-6777,202-422-2002,941-855-7361,America/Chicago,America/New_York,America/New_York,Investment Managers,United States,Emile Haeslier,Emile Haeslier,Emile Haeslier,Emile Haeslier,Emile Haeslier,15
63-130-2094,Emogene,Giorgi,Sr,2016-07-08,Marketing,Dennis,Tallahassee,Florida,32304,Energy,850-333-5909,312-415-7964,512-765-8914,America/New_York,America/Chicago,America/Chicago,Oil & Gas Production,United States,Emogene Giorgi,Emogene Giorgi,Emogene Giorgi,Emogene Giorgi,Emogene Giorgi,16
55-049-9316,Ericka,Cerie,IV,2017-09-02,Accounting,Gina,Santa Barbara,California,93150,Finance,805-759-4934,210-257-9558,801-909-3887,America/Los_Angeles,America/Chicago,America/Denver,Finance: Consumer Services,United States,Ericka Cerie,Ericka Cerie,Ericka Cerie,Ericka Cerie,Ericka Cerie,17
82-103-4615,Nev,Duckfield,II,2017-06-10,Business Development,Norway Maple,Seminole,Florida,34642,n/a,941-272-1924,706-159-0955,661-398-0254,America/New_York,America/New_York,America/Los_Angeles,n/a,United States,Nev Duckfield,Nev Duckfield,Nev Duckfield,Nev Duckfield,Nev Duckfield,18
27-606-5299,Annaliese,Narraway,Sr,2018-03-27,Accounting,Talisman,Waco,Texas,76796,Consumer Services,254-794-0976,260-805-7547,765-418-2573,America/Chicago,America/Indiana/Indianapolis,America/Indiana/Indianapolis,Real Estate Investment Trusts,United States,Annaliese Narraway,Annaliese Narraway,Annaliese Narraway,Annaliese Narraway,Annaliese Narraway,19
76-719-0651,Emlynn,Worton,III,2017-02-27,Human Resources,Hazelcrest,Charleston,West Virginia,25362,n/a,304-274-5704,215-446-6632,727-483-3158,America/New_York,America/New_York,America/New_York,n/a,United States,Emlynn Worton,Emlynn Worton,Emlynn Worton,Emlynn Worton,Emlynn Worton,20
56-960-0965,Emlynne,Blinckhorne,III,2015-12-01,Business Development,Chinook,Virginia Beach,Virginia,23459,Consumer Non-Durables,757-692-7144,202-217-5999,651-731-2383,America/New_York,America/New_York,America/Chicago,Beverages (Production/Distribution),United States,Emlynne Blinckhorne,Emlynne Blinckhorne,Emlynne Blinckhorne,Emlynne Blinckhorne,Emlynne Blinckhorne,21
57-203-0468,Debera,Tallent,IV,2016-12-07,Services,Mariners Cove,Clearwater,Florida,33758,Finance,813-949-0241,818-504-9346,360-691-3354,America/New_York,America/Los_Angeles,America/Los_Angeles,Major Banks,United States,Debera Tallent,Debera Tallent,Debera Tallent,Debera Tallent,Debera Tallent,22
25-977-7386,Tommie,Blundon,Jr,2018-04-12,Training,Butterfield,Sacramento,California,95813,Health Care,916-318-4236,412-458-3315,210-427-7017,America/Los_Angeles,America/New_York,America/Chicago,Major Pharmaceuticals,United States,Tommie Blundon,Tommie Blundon,Tommie Blundon,Tommie Blundon,Tommie Blundon,23
08-623-1277,Toby,MacTrustey,IV,2015-10-23,Accounting,Continental,New York City,New York,10270,Finance,347-867-8992,952-612-9409,440-142-1379,America/New_York,America/Chicago,America/New_York,Property-Casualty Insurers,United States,Toby MacTrustey,Toby MacTrustey,Toby MacTrustey,Toby MacTrustey,Toby MacTrustey,24
69-437-4523,Janaya,Robilliard,III,2017-05-23,Sales,Kennedy,Cincinnati,Ohio,45228,Finance,513-877-6941,817-166-0239,832-829-0467,America/New_York,America/Chicago,America/Chicago,Property-Casualty Insurers,United States,Janaya Robilliard,Janaya Robilliard,Janaya Robilliard,Janaya Robilliard,Janaya Robilliard,25
11-166-0549,Cairistiona,Henrichs,IV,2016-10-13,Sales,Larry,Columbus,Ohio,43268,Health Care,614-840-9758,772-519-3331,816-810-9769,America/New_York,America/New_York,America/Chicago,Medical Specialities,United States,Cairistiona Henrichs,Cairistiona Henrichs,Cairistiona Henrichs,Cairistiona Henrichs,Cairistiona Henrichs,26
23-787-6793,Leland,Mapplebeck,Jr,2018-05-03,Human Resources,Moland,Tuscaloosa,Alabama,35405,Consumer Services,205-140-4093,864-225-4401,832-468-2080,America/Chicago,America/New_York,America/Chicago,Department/Specialty Retail Stores,United States,Leland Mapplebeck,Leland Mapplebeck,Leland Mapplebeck,Leland Mapplebeck,Leland Mapplebeck,27
43-579-9570,Shelba,Eicheler,Jr,2016-09-09,Human Resources,Crowley,Atlanta,Georgia,31119,n/a,770-914-6135,404-296-7519,785-966-4324,America/New_York,America/New_York,America/Chicago,n/a,United States,Shelba Eicheler,Shelba Eicheler,Shelba Eicheler,Shelba Eicheler,Shelba Eicheler,28
29-824-9038,Donnie,Pichan,Jr,2017-02-05,Research and Development,Sunnyside,Washington,District of Columbia,20404,Capital Goods,202-537-5843,240-888-3715,831-525-3290,America/New_York,America/New_York,America/Los_Angeles,Engineering & Construction,United States,Donnie Pichan,Donnie Pichan,Donnie Pichan,Donnie Pichan,Donnie Pichan,29
53-220-0675,Reider,Thumann,III,2017-01-23,Product Management,Waubesa,Birmingham,Alabama,35244,Health Care,205-819-8826,712-590-0610,610-248-0620,America/Chicago,America/Chicago,America/New_York,Medical/Dental Instruments,United States,Reider Thumann,Reider Thumann,Reider Thumann,Reider Thumann,Reider Thumann,30
98-248-3938,Olly,Ottee,II,2016-10-08,Sales,Acker,North Las Vegas,Nevada,89036,Basic Industries,702-540-7646,360-453-7149,316-980-6800,America/Los_Angeles,America/Los_Angeles,America/Chicago,Major Chemicals,United States,Olly Ottee,Olly Ottee,Olly Ottee,Olly Ottee,Olly Ottee,31
09-986-1925,Kiersten,Guitt,IV,2015-09-24,Sales,Dunning,Lafayette,Louisiana,70505,Miscellaneous,337-426-1529,210-231-1224,402-222-3176,America/Chicago,America/Chicago,America/Chicago,Business Services,United States,Kiersten Guitt,Kiersten Guitt,Kiersten Guitt,Kiersten Guitt,Kiersten Guitt,32
18-169-8157,Chrystal,Goodday,II,2016-12-09,Human Resources,Graceland,Fresno,California,93762,Health Care,559-154-8702,818-704-6968,313-134-6691,America/Los_Angeles,America/Los_Angeles,America/Detroit,Medical/Dental Instruments,United States,Chrystal Goodday,Chrystal Goodday,Chrystal Goodday,Chrystal Goodday,Chrystal Goodday,33
95-199-3395,Joscelin,Doul,II,2017-02-13,Training,Emmet,Salt Lake City,Utah,84115,Consumer Services,801-572-9085,850-458-7724,918-929-8477,America/Denver,America/Chicago,America/Chicago,Real Estate Investment Trusts,United States,Joscelin Doul,Joscelin Doul,Joscelin Doul,Joscelin Doul,Joscelin Doul,34
83-723-9880,Lorita,Peacham,III,2018-06-04,Support,Stoughton,Sioux City,Iowa,51110,Finance,712-927-9037,706-593-2957,570-877-9859,America/Chicago,America/New_York,America/New_York,Major Banks,United States,Lorita Peacham,Lorita Peacham,Lorita Peacham,Lorita Peacham,Lorita Peacham,35
61-957-5308,Edin,Ludmann,Sr,2016-10-24,Services,Stuart,Metairie,Louisiana,70005,Consumer Services,504-197-6215,661-573-2761,404-347-9716,America/Chicago,America/Los_Angeles,America/New_York,Other Specialty Stores,United States,Edin Ludmann,Edin Ludmann,Edin Ludmann,Edin Ludmann,Edin Ludmann,36
78-258-9156,Betta,MacKeig,III,2016-07-08,Training,Dennis,Roanoke,Virginia,24014,Consumer Durables,540-111-1710,210-304-0181,786-628-6669,America/New_York,America/Chicago,America/New_York,Miscellaneous manufacturing industries,United States,Betta MacKeig,Betta MacKeig,Betta MacKeig,Betta MacKeig,Betta MacKeig,37
09-651-2133,Ethelyn,Loughlan,III,2016-12-09,Legal,3rd,Mobile,Alabama,36622,Public Utilities,251-302-6668,339-989-1649,804-655-1342,America/Chicago,America/New_York,America/New_York,Water Supply,United States,Ethelyn Loughlan,Ethelyn Loughlan,Ethelyn Loughlan,Ethelyn Loughlan,Ethelyn Loughlan,38
51-279-4912,Latia,Wyldes,III,2016-09-29,Product Management,New Castle,Hartford,Connecticut,06105,Public Utilities,860-901-9674,706-226-8284,210-567-1217,America/New_York,America/New_York,America/Chicago,Electric Utilities: Central,United States,Latia Wyldes,Latia Wyldes,Latia Wyldes,Latia Wyldes,Latia Wyldes,39
96-490-3212,Drusie,Hartgill,III,2016-09-19,Training,Green Ridge,Miami,Florida,33164,Energy,786-201-2156,601-319-9117,850-614-8862,America/New_York,America/Chicago,America/Chicago,Oil & Gas Production,United States,Drusie Hartgill,Drusie Hartgill,Drusie Hartgill,Drusie Hartgill,Drusie Hartgill,40
76-257-2539,Lil,Motte,Sr,2016-03-17,Research and Development,Golf,Austin,Texas,78749,Capital Goods,512-607-9383,202-605-9730,202-363-0562,America/Chicago,America/New_York,America/New_York,Metal Fabrications,United States,Lil Motte,Lil Motte,Lil Motte,Lil Motte,Lil Motte,41
69-947-1592,Gerick,Ayllett,Jr,2017-10-28,Support,Toban,New York City,New York,10029,Public Utilities,646-914-7164,717-363-9017,513-387-5311,America/New_York,America/New_York,America/New_York,Telecommunications Equipment,United States,Gerick Ayllett,Gerick Ayllett,Gerick Ayllett,Gerick Ayllett,Gerick Ayllett,42
09-395-5403,Aggy,Tinwell,III,2016-01-07,Engineering,Mcbride,Tulsa,Oklahoma,74108,Consumer Services,918-144-5463,216-194-9444,480-252-7222,America/Chicago,America/New_York,America/Phoenix,Catalog/Specialty Distribution,United States,Aggy Tinwell,Aggy Tinwell,Aggy Tinwell,Aggy Tinwell,Aggy Tinwell,43
22-145-3168,Pauletta,Antonnikov,II,2016-11-03,Engineering,Hagan,Milwaukee,Wisconsin,53225,n/a,414-851-0647,713-584-2692,210-941-3535,America/Chicago,America/Chicago,America/Chicago,n/a,United States,Pauletta Antonnikov,Pauletta Antonnikov,Pauletta Antonnikov,Pauletta Antonnikov,Pauletta Antonnikov,44
85-771-4548,Kenton,Benedek,Jr,2016-09-29,Sales,Myrtle,Bakersfield,California,93399,Consumer Services,661-445-6116,304-808-8622,713-898-3280,America/Los_Angeles,America/New_York,America/Chicago,Restaurants,United States,Kenton Benedek,Kenton Benedek,Kenton Benedek,Kenton Benedek,Kenton Benedek,45
46-906-1174,Row,Faithfull,Sr,2016-01-26,Product Management,Oxford,San Diego,California,92137,Finance,619-175-0366,615-820-0782,954-843-5797,America/Los_Angeles,America/Chicago,America/New_York,Investment Managers,United States,Row Faithfull,Row Faithfull,Row Faithfull,Row Faithfull,Row Faithfull,46
74-581-6228,Sarette,Roussel,III,2017-05-01,Engineering,Russell,Roanoke,Virginia,24024,Consumer Services,540-858-7307,202-802-8604,816-849-5845,America/New_York,America/New_York,America/Chicago,Real Estate Investment Trusts,United States,Sarette Roussel,Sarette Roussel,Sarette Roussel,Sarette Roussel,Sarette Roussel,47
34-744-6320,Francesco,Mort,III,2017-06-03,Training,Petterle,Phoenix,Arizona,85010,Technology,602-474-0641,614-247-8470,501-670-9534,America/Phoenix,America/New_York,America/Chicago,EDP Services,United States,Francesco Mort,Francesco Mort,Francesco Mort,Francesco Mort,Francesco Mort,48
70-911-1669,Deb,Whittall,III,2016-08-07,Marketing,Parkside,Phoenix,Arizona,85099,Consumer Durables,602-699-8236,213-895-4009,502-141-5320,America/Phoenix,America/Los_Angeles,America/Kentucky/Louisville,Home Furnishings,United States,Deb Whittall,Deb Whittall,Deb Whittall,Deb Whittall,Deb Whittall,49
23-458-2222,Kaye,Abramowitz,III,2017-06-28,Legal,Troy,Albany,New York,12255,Consumer Services,518-389-7807,713-308-2257,843-956-7505,America/New_York,America/Chicago,America/New_York,Real Estate Investment Trusts,United States,Kaye Abramowitz,Kaye Abramowitz,Kaye Abramowitz,Kaye Abramowitz,Kaye Abramowitz,50
86-425-9191,Allsun,Haryngton,Jr,2017-04-17,Accounting,Boyd,Laurel,Maryland,20709,n/a,202-499-1251,215-252-2373,205-158-6693,America/New_York,America/New_York,America/Chicago,n/a,United States,Allsun Haryngton,Allsun Haryngton,Allsun Haryngton,Allsun Haryngton,Allsun Haryngton,51
28-091-1832,Florie,Ameer-Beg,II,2016-11-08,Support,Doe Crossing,New Haven,Connecticut,06505,Finance,203-837-1962,916-887-4286,612-361-3410,America/New_York,America/Los_Angeles,America/Chicago,Commercial Banks,United States,Florie Ameer-Beg,Florie Ameer-Beg,Florie Ameer-Beg,Florie Ameer-Beg,Florie Ameer-Beg,52
34-930-3615,Bonni,Pennycock,II,2017-07-24,Sales,David,Houston,Texas,77040,n/a,713-984-0362,574-366-2287,202-755-9142,America/Chicago,America/Indiana/Indianapolis,America/New_York,n/a,United States,Bonni Pennycock,Bonni Pennycock,Bonni Pennycock,Bonni Pennycock,Bonni Pennycock,53
78-798-0708,Mayor,Glaves,Sr,2017-12-14,Engineering,Thackeray,Springfield,Massachusetts,01129,Finance,413-299-0659,256-781-2420,972-908-5341,America/New_York,America/Chicago,America/Chicago,Major Banks,United States,Mayor Glaves,Mayor Glaves,Mayor Glaves,Mayor Glaves,Mayor Glaves,54
72-825-3908,Cirstoforo,Bax,II,2016-01-25,Marketing,Hoepker,Tulsa,Oklahoma,74156,Energy,918-556-7995,714-377-5999,907-622-5811,America/Chicago,America/Los_Angeles,America/Anchorage,Oil & Gas Production,United States,Cirstoforo Bax,Cirstoforo Bax,Cirstoforo Bax,Cirstoforo Bax,Cirstoforo Bax,55
33-755-8090,Agna,McKee,II,2016-07-03,Sales,Kings,Gainesville,Florida,32610,Energy,352-407-6396,916-929-8260,904-283-5668,America/New_York,America/Los_Angeles,America/New_York,Oil & Gas Production,United States,Agna McKee,Agna McKee,Agna McKee,Agna McKee,Agna McKee,56
04-786-5724,Arly,Twopenny,IV,2017-11-02,Sales,Golf View,Sacramento,California,94297,Finance,916-762-0501,216-952-0219,361-815-6506,America/Los_Angeles,America/New_York,America/Chicago,Investment Bankers/Brokers/Service,United States,Arly Twopenny,Arly Twopenny,Arly Twopenny,Arly Twopenny,Arly Twopenny,57
94-697-1313,Greg,Gwinnell,Sr,2017-07-29,Services,Park Meadow,Oakland,California,94622,Finance,510-473-2373,615-213-9953,314-753-5140,America/Los_Angeles,America/Chicago,America/Chicago,Finance/Investors Services,United States,Greg Gwinnell,Greg Gwinnell,Greg Gwinnell,Greg Gwinnell,Greg Gwinnell,58
72-607-3750,Hester,Dani,Sr,2016-07-18,Training,Summit,Saint Louis,Missouri,63116,Technology,314-146-4232,843-877-3693,405-731-4025,America/Chicago,America/New_York,America/Chicago,Computer Software: Prepackaged Software,United States,Hester Dani,Hester Dani,Hester Dani,Hester Dani,Hester Dani,59
67-367-5393,Mendy,Gowrich,Jr,2017-05-12,Human Resources,Iowa,Boston,Massachusetts,02119,Health Care,617-987-8261,806-189-0757,202-771-0409,America/New_York,America/Chicago,America/New_York,Major Pharmaceuticals,United States,Mendy Gowrich,Mendy Gowrich,Mendy Gowrich,Mendy Gowrich,Mendy Gowrich,60
16-212-0206,Kiri,Castelletti,III,2016-12-19,Research and Development,Hagan,Augusta,Georgia,30911,Miscellaneous,706-241-1535,850-211-5938,626-338-9825,America/New_York,America/Chicago,America/Los_Angeles,Business Services,United States,Kiri Castelletti,Kiri Castelletti,Kiri Castelletti,Kiri Castelletti,Kiri Castelletti,61
75-102-3504,Tiertza,Angus,III,2017-12-12,Research and Development,Loftsgordon,Harrisburg,Pennsylvania,17121,n/a,717-854-6299,512-659-7859,602-584-4401,America/New_York,America/Chicago,America/Phoenix,n/a,United States,Tiertza Angus,Tiertza Angus,Tiertza Angus,Tiertza Angus,Tiertza Angus,62
68-560-0691,Rourke,MacIlurick,II,2017-05-25,Human Resources,Rockefeller,Wilmington,North Carolina,28405,n/a,910-630-6232,571-882-2296,858-545-9232,America/New_York,America/New_York,America/Los_Angeles,n/a,United States,Rourke MacIlurick,Rourke MacIlurick,Rourke MacIlurick,Rourke MacIlurick,Rourke MacIlurick,63
91-135-2990,Jarib,Roff,II,2015-10-01,Services,Roxbury,Colorado Springs,Colorado,80905,n/a,719-278-1762,865-958-4098,806-408-7832,America/Denver,America/New_York,America/Chicago,n/a,United States,Jarib Roff,Jarib Roff,Jarib Roff,Jarib Roff,Jarib Roff,64
13-954-0925,Eleanor,Cruddas,Sr,2018-05-17,Product Management,Express,Salem,Oregon,97312,Finance,971-753-0122,323-755-9250,407-299-9628,America/Los_Angeles,America/Los_Angeles,America/New_York,Real Estate,United States,Eleanor Cruddas,Eleanor Cruddas,Eleanor Cruddas,Eleanor Cruddas,Eleanor Cruddas,65
73-963-1272,Jerrine,Carlucci,IV,2017-12-10,Business Development,Rowland,Hialeah,Florida,33018,Health Care,786-492-5331,912-487-1456,713-669-2023,America/New_York,America/New_York,America/Chicago,Biotechnology: Biological Products (No Diagnostic Substances),United States,Jerrine Carlucci,Jerrine Carlucci,Jerrine Carlucci,Jerrine Carlucci,Jerrine Carlucci,66
07-042-6979,Enrique,Lubomirski,IV,2016-01-24,Sales,Thompson,Pittsburgh,Pennsylvania,15279,Capital Goods,412-757-9646,240-525-8231,909-111-0154,America/New_York,America/New_York,America/Los_Angeles,Industrial Machinery/Components,United States,Enrique Lubomirski,Enrique Lubomirski,Enrique Lubomirski,Enrique Lubomirski,Enrique Lubomirski,67
03-596-1075,Jereme,Doerrling,III,2017-02-23,Sales,Montana,Hialeah,Florida,33013,Health Care,305-687-6472,212-960-6037,615-961-3563,America/New_York,America/New_York,America/Chicago,Major Pharmaceuticals,United States,Jereme Doerrling,Jereme Doerrling,Jereme Doerrling,Jereme Doerrling,Jereme Doerrling,68
06-503-7780,Quincy,Wyer,Sr,2016-10-28,Sales,Norway Maple,Las Vegas,Nevada,89130,Health Care,702-754-4353,916-585-5676,513-775-5210,America/Los_Angeles,America/Los_Angeles,America/New_York,Major Pharmaceuticals,United States,Quincy Wyer,Quincy Wyer,Quincy Wyer,Quincy Wyer,Quincy Wyer,69
90-982-3817,Mercie,Aslott,IV,2017-08-12,Sales,Waxwing,Lafayette,Louisiana,70505,Public Utilities,337-819-3111,202-585-8332,719-986-1586,America/Chicago,America/New_York,America/Denver,Natural Gas Distribution,United States,Mercie Aslott,Mercie Aslott,Mercie Aslott,Mercie Aslott,Mercie Aslott,70
80-703-2762,Gaby,Abramovitch,Jr,2017-06-23,Services,Cottonwood,San Diego,California,92137,Finance,619-252-5240,254-690-2954,361-421-8400,America/Los_Angeles,America/Chicago,America/Chicago,Commercial Banks,United States,Gaby Abramovitch,Gaby Abramovitch,Gaby Abramovitch,Gaby Abramovitch,Gaby Abramovitch,71
50-607-7445,Jemima,Kettlesing,Jr,2016-05-07,Sales,Dexter,Washington,District of Columbia,20535,Consumer Services,202-208-5805,727-557-7582,719-852-9190,America/New_York,America/New_York,America/Denver,Real Estate Investment Trusts,United States,Jemima Kettlesing,Jemima Kettlesing,Jemima Kettlesing,Jemima Kettlesing,Jemima Kettlesing,72
12-182-6577,Lilia,Minerdo,IV,2017-10-05,Services,Gale,Charlottesville,Virginia,22903,Consumer Non-Durables,434-630-4487,816-582-2502,703-557-3244,America/New_York,America/Chicago,America/New_York,Specialty Foods,United States,Lilia Minerdo,Lilia Minerdo,Lilia Minerdo,Lilia Minerdo,Lilia Minerdo,73
97-017-1357,Violetta,Murtell,IV,2016-08-24,Support,Chinook,North Hollywood,California,91616,Consumer Services,213-383-4262,805-993-2855,617-262-7332,America/Los_Angeles,America/Los_Angeles,America/New_York,Marine Transportation,United States,Violetta Murtell,Violetta Murtell,Violetta Murtell,Violetta Murtell,Violetta Murtell,74
53-941-9474,Aretha,Stockford,III,2015-12-17,Support,Marcy,Anchorage,Alaska,99522,Consumer Services,907-348-2552,803-594-5167,336-603-8517,America/Anchorage,America/New_York,America/New_York,Other Consumer Services,United States,Aretha Stockford,Aretha Stockford,Aretha Stockford,Aretha Stockford,Aretha Stockford,75
88-174-5943,Abagail,Sleford,III,2018-06-13,Research and Development,Longview,Hot Springs National Park,Arkansas,71914,Finance,501-707-8185,402-385-0332,202-223-1197,America/Chicago,America/Chicago,America/New_York,Real Estate,United States,Abagail Sleford,Abagail Sleford,Abagail Sleford,Abagail Sleford,Abagail Sleford,76
22-935-4845,Janie,Degoe,IV,2015-06-26,Services,John Wall,Annapolis,Maryland,21405,Finance,410-968-3636,360-711-2043,612-357-1588,America/New_York,America/Los_Angeles,America/Chicago,Major Banks,United States,Janie Degoe,Janie Degoe,Janie Degoe,Janie Degoe,Janie Degoe,77
56-354-0317,Wade,Leivers,Jr,2017-02-06,Research and Development,Hallows,Ventura,California,93005,Finance,805-613-4866,304-785-3703,559-197-5712,America/Los_Angeles,America/New_York,America/Los_Angeles,Investment Bankers/Brokers/Service,United States,Wade Leivers,Wade Leivers,Wade Leivers,Wade Leivers,Wade Leivers,78
70-111-7524,Malinda,Gaish,IV,2018-01-06,Engineering,Gerald,Omaha,Nebraska,68105,n/a,402-942-2914,912-760-4417,804-383-5168,America/Chicago,America/New_York,America/New_York,n/a,United States,Malinda Gaish,Malinda Gaish,Malinda Gaish,Malinda Gaish,Malinda Gaish,79
53-297-4836,Henka,De Blasiis,Jr,2016-11-17,Sales,Briar Crest,Palmdale,California,93591,Consumer Durables,661-963-6570,336-660-8779,603-654-8203,America/Los_Angeles,America/New_York,America/New_York,Industrial Specialties,United States,Henka De Blasiis,Henka De Blasiis,Henka De Blasiis,Henka De Blasiis,Henka De Blasiis,80
89-258-1410,Helenka,Sallter,IV,2016-08-15,Business Development,Prairieview,Birmingham,Alabama,35236,Technology,205-370-8338,561-265-3466,757-636-5129,America/Chicago,America/New_York,America/New_York,EDP Services,United States,Helenka Sallter,Helenka Sallter,Helenka Sallter,Helenka Sallter,Helenka Sallter,81
63-542-3211,Hunfredo,Queste,II,2015-09-11,Support,Elgar,Arlington,Virginia,22225,Consumer Services,571-367-5638,651-424-1634,757-315-3729,America/New_York,America/Chicago,America/New_York,Military/Government/Technical,United States,Hunfredo Queste,Hunfredo Queste,Hunfredo Queste,Hunfredo Queste,Hunfredo Queste,82
74-705-9341,Fred,Kamena,II,2017-03-30,Legal,Del Sol,Jacksonville,Florida,32220,n/a,904-199-0798,702-578-9684,954-671-1503,America/New_York,America/Los_Angeles,America/New_York,n/a,United States,Fred Kamena,Fred Kamena,Fred Kamena,Fred Kamena,Fred Kamena,83
46-047-4667,Jenine,Restieaux,Jr,2015-07-10,Engineering,Victoria,Washington,District of Columbia,20575,Finance,202-480-7581,504-493-8827,818-753-3190,America/New_York,America/Chicago,America/Los_Angeles,Finance: Consumer Services,United States,Jenine Restieaux,Jenine Restieaux,Jenine Restieaux,Jenine Restieaux,Jenine Restieaux,84
46-721-3977,Rosaleen,Rising,III,2016-07-12,Human Resources,Stuart,Irving,Texas,75062,Health Care,469-726-5717,312-845-9324,760-794-0206,America/Chicago,America/Chicago,America/Los_Angeles,Major Pharmaceuticals,United States,Rosaleen Rising,Rosaleen Rising,Rosaleen Rising,Rosaleen Rising,Rosaleen Rising,85
72-295-3653,Jerry,MacGilmartin,II,2017-04-25,Sales,Dovetail,Baltimore,Maryland,21211,n/a,410-181-6154,702-761-6632,216-584-8637,America/New_York,America/Los_Angeles,America/New_York,n/a,United States,Jerry MacGilmartin,Jerry MacGilmartin,Jerry MacGilmartin,Jerry MacGilmartin,Jerry MacGilmartin,86
43-242-9908,Codi,Lorenzini,Sr,2015-08-14,Engineering,Golden Leaf,New York City,New York,10105,Consumer Services,212-502-1968,318-782-9743,619-998-6988,America/New_York,America/Chicago,America/Los_Angeles,Movies/Entertainment,United States,Codi Lorenzini,Codi Lorenzini,Codi Lorenzini,Codi Lorenzini,Codi Lorenzini,87
46-941-7682,Tonya,Mingotti,Sr,2016-11-27,Training,Linden,Port Saint Lucie,Florida,34985,Public Utilities,772-774-8649,310-559-4467,508-532-2410,America/New_York,America/Los_Angeles,America/New_York,Telecommunications Equipment,United States,Tonya Mingotti,Tonya Mingotti,Tonya Mingotti,Tonya Mingotti,Tonya Mingotti,88
86-257-6133,Kinny,Byas,Sr,2015-06-07,Accounting,Sheridan,Vancouver,Washington,98664,Finance,360-301-3815,970-300-5781,920-673-3817,America/Los_Angeles,America/Denver,America/Chicago,Major Banks,United States,Kinny Byas,Kinny Byas,Kinny Byas,Kinny Byas,Kinny Byas,89
63-494-1973,Brittany,Hurch,IV,2018-01-03,Product Management,Stang,Concord,California,94522,Finance,925-452-7959,281-716-1329,303-660-7665,America/Los_Angeles,America/Chicago,America/Denver,Finance: Consumer Services,United States,Brittany Hurch,Brittany Hurch,Brittany Hurch,Brittany Hurch,Brittany Hurch,90
30-486-5390,Corissa,Pendered,IV,2015-08-27,Human Resources,Utah,New Orleans,Louisiana,70179,Transportation,504-866-3252,770-992-4777,212-337-1828,America/Chicago,America/New_York,America/New_York,Marine Transportation,United States,Corissa Pendered,Corissa Pendered,Corissa Pendered,Corissa Pendered,Corissa Pendered,91
81-665-5681,Toby,Probin,III,2018-02-06,Research and Development,Comanche,Albuquerque,New Mexico,87201,n/a,505-769-2088,773-937-2136,816-245-8539,America/Denver,America/Chicago,America/Chicago,n/a,United States,Toby Probin,Toby Probin,Toby Probin,Toby Probin,Toby Probin,92
42-423-0759,Douglas,Clemmen,Sr,2018-01-15,Sales,1st,Pasadena,California,91131,Finance,626-617-3779,775-892-4667,915-148-6616,America/Los_Angeles,America/Los_Angeles,America/Denver,Property-Casualty Insurers,United States,Douglas Clemmen,Douglas Clemmen,Douglas Clemmen,Douglas Clemmen,Douglas Clemmen,93
42-168-3669,Harmonie,Rikard,II,2016-09-09,Engineering,Surrey,Atlanta,Georgia,30301,Consumer Services,678-554-4189,718-597-5414,813-361-6762,America/New_York,America/New_York,America/New_York,Department/Specialty Retail Stores,United States,Harmonie Rikard,Harmonie Rikard,Harmonie Rikard,Harmonie Rikard,Harmonie Rikard,94
74-159-4911,Harmonie,Marritt,III,2016-09-20,Services,Bobwhite,Philadelphia,Pennsylvania,19151,Health Care,215-274-7021,323-776-7578,402-578-3526,America/New_York,America/Los_Angeles,America/Chicago,Biotechnology: Electromedical & Electrotherapeutic Apparatus,United States,Harmonie Marritt,Harmonie Marritt,Harmonie Marritt,Harmonie Marritt,Harmonie Marritt,95
04-201-3065,Giffard,Shevlan,IV,2015-08-08,Human Resources,Iowa,San Jose,California,95173,Health Care,408-724-0272,713-878-5194,304-276-7601,America/Los_Angeles,America/Chicago,America/New_York,Hospital/Nursing Management,United States,Giffard Shevlan,Giffard Shevlan,Giffard Shevlan,Giffard Shevlan,Giffard Shevlan,96
34-766-4214,Cathleen,McGookin,IV,2015-11-03,Engineering,Sunnyside,Springfield,Illinois,62705,Public Utilities,217-183-0523,540-837-2628,951-501-1832,America/Chicago,America/New_York,America/Los_Angeles,Natural Gas Distribution,United States,Cathleen McGookin,Cathleen McGookin,Cathleen McGookin,Cathleen McGookin,Cathleen McGookin,97
42-851-7673,Bebe,Death,III,2017-11-16,Accounting,Transport,Shawnee Mission,Kansas,66205,n/a,816-150-3544,907-691-1015,812-314-6900,America/Chicago,America/Anchorage,America/Chicago,n/a,United States,Bebe Death,Bebe Death,Bebe Death,Bebe Death,Bebe Death,98
76-804-7044,Annalee,Dignam,Sr,2017-05-29,Legal,Stone Corner,Jackson,Mississippi,39296,n/a,601-950-2965,574-163-0720,217-527-0839,America/Chicago,America/Indiana/Indianapolis,America/Chicago,n/a,United States,Annalee Dignam,Annalee Dignam,Annalee Dignam,Annalee Dignam,Annalee Dignam,99
55-412-4752,Hinze,Hastewell,III,2016-06-09,Research and Development,Evergreen,Fayetteville,North Carolina,28305,Capital Goods,910-127-0367,909-770-8932,801-548-4655,America/New_York,America/Los_Angeles,America/Denver,Steel/Iron Ore,United States,Hinze Hastewell,Hinze Hastewell,Hinze Hastewell,Hinze Hastewell,Hinze Hastewell,100
57-298-4103,Pepito,Sproson,III,2016-04-29,Legal,Anhalt,Minneapolis,Minnesota,55423,Finance,952-621-7325,757-876-4664,763-663-5525,America/Chicago,America/New_York,America/Chicago,Investment Bankers/Brokers/Service,United States,Pepito Sproson,Pepito Sproson,Pepito Sproson,Pepito Sproson,Pepito Sproson,101
17-845-3673,Chariot,Vipan,Sr,2016-01-10,Training,Elgar,Baton Rouge,Louisiana,70815,Technology,225-716-6739,407-364-5538,907-897-1299,America/Chicago,America/New_York,America/Anchorage,Semiconductors,United States,Chariot Vipan,Chariot Vipan,Chariot Vipan,Chariot Vipan,Chariot Vipan,102
02-832-4656,Obie,Virgo,III,2016-11-21,Sales,Memorial,Salt Lake City,Utah,84135,n/a,801-738-0367,816-208-9281,503-189-8584,America/Denver,America/Chicago,America/Los_Angeles,n/a,United States,Obie Virgo,Obie Virgo,Obie Virgo,Obie Virgo,Obie Virgo,103
83-598-9993,Harp,Spoole,II,2015-07-13,Business Development,Elka,Charleston,West Virginia,25356,n/a,304-307-6849,478-895-1063,513-454-0806,America/New_York,America/New_York,America/New_York,n/a,United States,Harp Spoole,Harp Spoole,Harp Spoole,Harp Spoole,Harp Spoole,104
51-161-9958,Eleni,Blackstock,Sr,2015-06-09,Human Resources,Springview,Wichita Falls,Texas,76305,Finance,940-464-6933,402-842-2187,318-234-6392,America/Chicago,America/Chicago,America/Chicago,Commercial Banks,United States,Eleni Blackstock,Eleni Blackstock,Eleni Blackstock,Eleni Blackstock,Eleni Blackstock,105
05-336-9191,Madelaine,Keogh,Jr,2015-12-10,Training,Morrow,Pittsburgh,Pennsylvania,15250,Consumer Services,412-752-2705,561-333-8258,503-744-6974,America/New_York,America/New_York,America/Los_Angeles,Transportation Services,United States,Madelaine Keogh,Madelaine Keogh,Madelaine Keogh,Madelaine Keogh,Madelaine Keogh,106
43-072-6174,Frank,Vinall,Jr,2016-11-11,Engineering,Mesta,New Orleans,Louisiana,70129,Health Care,504-273-8325,405-581-0709,352-199-9345,America/Chicago,America/Chicago,America/New_York,Industrial Specialties,United States,Frank Vinall,Frank Vinall,Frank Vinall,Frank Vinall,Frank Vinall,107
49-820-0332,Devondra,Vedyaev,Sr,2017-06-22,Engineering,Maple,Memphis,Tennessee,38136,Finance,901-328-5316,915-789-2871,706-513-9939,America/Chicago,America/Denver,America/New_York,Finance: Consumer Services,United States,Devondra Vedyaev,Devondra Vedyaev,Devondra Vedyaev,Devondra Vedyaev,Devondra Vedyaev,108
32-904-9813,Tomasina,Phelip,Jr,2017-12-31,Research and Development,Kensington,Wichita,Kansas,67236,Capital Goods,316-312-2991,847-433-9105,202-758-4808,America/Chicago,America/Chicago,America/New_York,Industrial Machinery/Components,United States,Tomasina Phelip,Tomasina Phelip,Tomasina Phelip,Tomasina Phelip,Tomasina Phelip,109
64-232-2666,Ingelbert,Tatam,II,2018-02-07,Research and Development,Farmco,Philadelphia,Pennsylvania,19104,n/a,267-888-5441,570-678-8084,717-199-1657,America/New_York,America/New_York,America/New_York,n/a,United States,Ingelbert Tatam,Ingelbert Tatam,Ingelbert Tatam,Ingelbert Tatam,Ingelbert Tatam,110
68-797-9858,Hewett,Cliffe,III,2016-06-04,Sales,Utah,El Paso,Texas,88553,Health Care,915-370-5189,509-700-1021,317-632-3656,America/Denver,America/Los_Angeles,America/Indiana/Indianapolis,Biotechnology: Biological Products (No Diagnostic Substances),United States,Hewett Cliffe,Hewett Cliffe,Hewett Cliffe,Hewett Cliffe,Hewett Cliffe,111
98-359-2317,Florian,Seid,IV,2017-07-23,Marketing,Corben,Minneapolis,Minnesota,55487,Capital Goods,612-791-5723,330-638-0132,806-639-5124,America/Chicago,America/New_York,America/Chicago,Construction/Ag Equipment/Trucks,United States,Florian Seid,Florian Seid,Florian Seid,Florian Seid,Florian Seid,112
11-716-7680,Penny,Casaccia,III,2015-09-13,Support,Blaine,South Bend,Indiana,46699,Public Utilities,574-381-0888,843-413-1877,239-147-2889,America/Indiana/Indianapolis,America/New_York,America/New_York,Power Generation,United States,Penny Casaccia,Penny Casaccia,Penny Casaccia,Penny Casaccia,Penny Casaccia,113
40-889-4353,Hinda,Woodus,Sr,2016-02-26,Accounting,Mandrake,San Francisco,California,94154,Health Care,415-883-2015,407-270-2340,413-761-6278,America/Los_Angeles,America/New_York,America/New_York,Major Pharmaceuticals,United States,Hinda Woodus,Hinda Woodus,Hinda Woodus,Hinda Woodus,Hinda Woodus,114
66-136-3832,Babs,Dohmann,IV,2016-04-07,Training,Menomonie,Charlottesville,Virginia,22908,Consumer Durables,434-362-0721,410-437-8143,703-453-0781,America/New_York,America/New_York,America/New_York,Home Furnishings,United States,Babs Dohmann,Babs Dohmann,Babs Dohmann,Babs Dohmann,Babs Dohmann,115
11-119-3145,Regen,Miller,Sr,2015-05-15,Product Management,Village,Dallas,Texas,75358,n/a,214-999-9150,702-108-2387,858-395-1693,America/Chicago,America/Los_Angeles,America/Los_Angeles,n/a,United States,Regen Miller,Regen Miller,Regen Miller,Regen Miller,Regen Miller,116
56-227-7207,Berkeley,Royse,Jr,2016-08-17,Engineering,Tennessee,Lancaster,Pennsylvania,17605,n/a,717-862-0314,205-158-6522,407-466-8052,America/New_York,America/Chicago,America/New_York,n/a,United States,Berkeley Royse,Berkeley Royse,Berkeley Royse,Berkeley Royse,Berkeley Royse,117
32-329-8937,Greta,McCurry,Jr,2016-06-20,Accounting,Southridge,Oklahoma City,Oklahoma,73119,n/a,405-680-6411,860-826-9221,831-891-4442,America/Chicago,America/New_York,America/Los_Angeles,n/a,United States,Greta McCurry,Greta McCurry,Greta McCurry,Greta McCurry,Greta McCurry,118
75-107-0356,Odessa,Bucky,Jr,2016-04-02,Marketing,Thompson,Atlanta,Georgia,31136,Health Care,404-369-6618,714-760-1688,563-915-5966,America/New_York,America/Los_Angeles,America/Chicago,Medical/Dental Instruments,United States,Odessa Bucky,Odessa Bucky,Odessa Bucky,Odessa Bucky,Odessa Bucky,119
06-335-8206,Kaile,Sail,III,2015-09-07,Human Resources,Onsgard,Fairfax,Virginia,22036,Health Care,571-182-1519,574-249-3473,432-868-6797,America/New_York,America/Indiana/Indianapolis,America/Chicago,Other Pharmaceuticals,United States,Kaile Sail,Kaile Sail,Kaile Sail,Kaile Sail,Kaile Sail,120
56-873-6687,Jocelyne,Petricek,II,2015-09-24,Services,Butterfield,Austin,Texas,78769,Technology,512-603-5568,205-689-8025,772-510-1756,America/Chicago,America/Chicago,America/New_York,Semiconductors,United States,Jocelyne Petricek,Jocelyne Petricek,Jocelyne Petricek,Jocelyne Petricek,Jocelyne Petricek,121
68-459-4129,Teodora,Pyrke,Jr,2016-06-11,Legal,Mendota,Tempe,Arizona,85284,Consumer Services,480-703-8949,626-493-7895,602-810-6386,America/Phoenix,America/Los_Angeles,America/Phoenix,Professional Services,United States,Teodora Pyrke,Teodora Pyrke,Teodora Pyrke,Teodora Pyrke,Teodora Pyrke,122
14-993-7792,Ernst,Rudsdale,Sr,2016-10-05,Marketing,School,Pittsburgh,Pennsylvania,15230,n/a,412-457-1604,915-616-6833,917-261-4307,America/New_York,America/Denver,America/New_York,n/a,United States,Ernst Rudsdale,Ernst Rudsdale,Ernst Rudsdale,Ernst Rudsdale,Ernst Rudsdale,123
65-981-1392,Adiana,MacAulay,IV,2017-06-12,Human Resources,Superior,Charlotte,North Carolina,28205,Finance,704-640-8902,320-287-9979,225-295-0942,America/New_York,America/Chicago,America/Chicago,Major Banks,United States,Adiana MacAulay,Adiana MacAulay,Adiana MacAulay,Adiana MacAulay,Adiana MacAulay,124
05-112-3349,Ange,Gully,Sr,2018-05-06,Human Resources,Fairview,Indianapolis,Indiana,46266,Basic Industries,317-210-2341,503-746-0786,303-370-3217,America/Indiana/Indianapolis,America/Los_Angeles,America/Denver,Paper,United States,Ange Gully,Ange Gully,Ange Gully,Ange Gully,Ange Gully,125
80-089-6778,Banky,Potts,II,2018-03-01,Engineering,Mitchell,Las Vegas,Nevada,89130,Finance,702-248-2968,808-721-2823,314-589-3395,America/Los_Angeles,Pacific/Honolulu,America/Chicago,Specialty Insurers,United States,Banky Potts,Banky Potts,Banky Potts,Banky Potts,Banky Potts,126
26-503-2214,Donnie,Hadwin,II,2016-03-13,Support,Waxwing,Norcross,Georgia,30092,Health Care,770-234-7693,202-747-6306,510-991-0355,America/New_York,America/New_York,America/Los_Angeles,Precision Instruments,United States,Donnie Hadwin,Donnie Hadwin,Donnie Hadwin,Donnie Hadwin,Donnie Hadwin,127
88-015-2249,Nikolas,Vallentin,Jr,2018-03-09,Research and Development,Bobwhite,Charleston,West Virginia,25321,Consumer Services,304-318-4514,210-282-2103,719-898-8032,America/New_York,America/Chicago,America/Denver,Real Estate Investment Trusts,United States,Nikolas Vallentin,Nikolas Vallentin,Nikolas Vallentin,Nikolas Vallentin,Nikolas Vallentin,128
63-310-0949,Elnore,Wilsone,Jr,2017-07-08,Sales,Pleasure,Atlanta,Georgia,31190,Health Care,404-680-2104,907-663-3364,757-150-0508,America/New_York,America/Anchorage,America/New_York,Biotechnology: Electromedical & Electrotherapeutic Apparatus,United States,Elnore Wilsone,Elnore Wilsone,Elnore Wilsone,Elnore Wilsone,Elnore Wilsone,129
05-988-4859,Deeann,Conaboy,IV,2017-07-07,Research and Development,Garrison,Seattle,Washington,98109,n/a,360-436-6411,323-192-0119,718-822-1117,America/Los_Angeles,America/Los_Angeles,America/New_York,n/a,United States,Deeann Conaboy,Deeann Conaboy,Deeann Conaboy,Deeann Conaboy,Deeann Conaboy,130
55-354-7531,Obadiah,Reeders,IV,2015-05-18,Engineering,Grasskamp,Lakeland,Florida,33805,Consumer Services,863-588-4225,409-335-1584,903-728-2373,America/New_York,America/Chicago,America/Chicago,Catalog/Specialty Distribution,United States,Obadiah Reeders,Obadiah Reeders,Obadiah Reeders,Obadiah Reeders,Obadiah Reeders,131
50-666-3491,Hugibert,Zealey,III,2017-08-13,Accounting,Stoughton,Houston,Texas,77245,Capital Goods,713-919-1779,217-844-8303,915-705-6661,America/Chicago,America/Chicago,America/Denver,Homebuilding,United States,Hugibert Zealey,Hugibert Zealey,Hugibert Zealey,Hugibert Zealey,Hugibert Zealey,132
72-199-0992,Chaunce,Pringour,Jr,2015-12-30,Human Resources,Caliangt,Dayton,Ohio,45419,Basic Industries,937-127-2689,302-213-3659,763-356-0738,America/New_York,America/New_York,America/Chicago,Precious Metals,United States,Chaunce Pringour,Chaunce Pringour,Chaunce Pringour,Chaunce Pringour,Chaunce Pringour,133
34-297-9812,Rosalinda,Favill,IV,2016-07-25,Services,Caliangt,Santa Rosa,California,95405,Basic Industries,707-574-5534,651-745-0452,860-297-0274,America/Los_Angeles,America/Chicago,America/New_York,Steel/Iron Ore,United States,Rosalinda Favill,Rosalinda Favill,Rosalinda Favill,Rosalinda Favill,Rosalinda Favill,134
88-100-3009,Elicia,Kentwell,Jr,2017-11-26,Sales,Utah,Odessa,Texas,79764,Public Utilities,432-766-2895,303-704-1738,813-557-7698,America/Chicago,America/Denver,America/New_York,Electric Utilities: Central,United States,Elicia Kentwell,Elicia Kentwell,Elicia Kentwell,Elicia Kentwell,Elicia Kentwell,135
32-620-3804,Boyce,Longega,Sr,2016-03-29,Business Development,Towne,Austin,Texas,78744,Consumer Services,512-194-8958,561-829-3630,414-797-1445,America/Chicago,America/New_York,America/Chicago,Books,United States,Boyce Longega,Boyce Longega,Boyce Longega,Boyce Longega,Boyce Longega,136
21-944-7815,Lillis,Abbys,Jr,2015-12-30,Services,Iowa,San Bernardino,California,92424,n/a,909-839-6882,210-335-3323,202-916-2477,America/Los_Angeles,America/Chicago,America/New_York,n/a,United States,Lillis Abbys,Lillis Abbys,Lillis Abbys,Lillis Abbys,Lillis Abbys,137
95-151-9659,Dari,Brewett,III,2017-08-30,Engineering,Hooker,Houston,Texas,77245,Basic Industries,713-170-2862,814-955-1309,323-297-0602,America/Chicago,America/New_York,America/Los_Angeles,Major Chemicals,United States,Dari Brewett,Dari Brewett,Dari Brewett,Dari Brewett,Dari Brewett,138
72-413-9416,Wileen,Shutle,II,2015-07-06,Legal,Haas,Houston,Texas,77201,Health Care,713-428-0706,310-222-7900,202-686-8379,America/Chicago,America/Los_Angeles,America/New_York,Biotechnology: Electromedical & Electrotherapeutic Apparatus,United States,Wileen Shutle,Wileen Shutle,Wileen Shutle,Wileen Shutle,Wileen Shutle,139
16-370-6778,Kessiah,Kundert,Jr,2015-05-25,Services,Autumn Leaf,Milwaukee,Wisconsin,53263,Public Utilities,414-399-2135,310-861-7400,305-915-1513,America/Chicago,America/Los_Angeles,America/New_York,Natural Gas Distribution,United States,Kessiah Kundert,Kessiah Kundert,Kessiah Kundert,Kessiah Kundert,Kessiah Kundert,140
82-936-8556,Shannah,Laimable,Sr,2017-03-28,Sales,David,North Hollywood,California,91606,Consumer Services,818-811-4801,316-678-5519,304-652-6501,America/Los_Angeles,America/Chicago,America/New_York,Military/Government/Technical,United States,Shannah Laimable,Shannah Laimable,Shannah Laimable,Shannah Laimable,Shannah Laimable,141
00-453-1822,Genevieve,Aphale,III,2015-06-20,Support,Onsgard,Kansas City,Missouri,64144,Technology,816-351-7316,816-319-5488,213-654-0846,America/Chicago,America/Chicago,America/Los_Angeles,Computer Software: Prepackaged Software,United States,Genevieve Aphale,Genevieve Aphale,Genevieve Aphale,Genevieve Aphale,Genevieve Aphale,142
94-374-4439,Vikky,Thick,II,2018-05-16,Business Development,Annamark,Newark,Delaware,19714,Technology,302-234-2374,-350-5464,405-599-1766,America/New_York,America/New_York,America/Chicago,Radio And Television Broadcasting And Communications Equipment,United States,Vikky Thick,Vikky Thick,Vikky Thick,Vikky Thick,Vikky Thick,143
65-764-0392,Iosep,Ceccoli,Sr,2017-08-31,Research and Development,Pine View,Pensacola,Florida,32511,Public Utilities,850-880-1186,918-971-7783,850-860-4240,America/Chicago,America/Chicago,America/New_York,Telecommunications Equipment,United States,Iosep Ceccoli,Iosep Ceccoli,Iosep Ceccoli,Iosep Ceccoli,Iosep Ceccoli,144
29-145-5208,Padraic,Mounter,IV,2017-04-04,Business Development,Fallview,Jacksonville,Florida,32277,n/a,904-169-1625,989-242-1985,571-944-5777,America/New_York,America/Detroit,America/New_York,n/a,United States,Padraic Mounter,Padraic Mounter,Padraic Mounter,Padraic Mounter,Padraic Mounter,145
02-414-5322,Bondy,Seamon,III,2018-05-20,Training,Melody,Akron,Ohio,44305,Health Care,330-681-3053,203-886-8696,413-265-4480,America/New_York,America/New_York,America/New_York,Biotechnology: Biological Products (No Diagnostic Substances),United States,Bondy Seamon,Bondy Seamon,Bondy Seamon,Bondy Seamon,Bondy Seamon,146
95-314-8011,De witt,Lafrentz,II,2016-06-30,Sales,Hallows,Tulsa,Oklahoma,74103,n/a,918-140-1554,208-495-9412,339-869-0135,America/Chicago,America/Boise,America/New_York,n/a,United States,De witt Lafrentz,De witt Lafrentz,De witt Lafrentz,De witt Lafrentz,De witt Lafrentz,147
17-156-8962,Remy,Timlin,Jr,2017-12-16,Support,Mccormick,Alexandria,Virginia,22313,n/a,571-255-5880,315-224-7129,952-447-0736,America/New_York,America/New_York,America/Chicago,n/a,United States,Remy Timlin,Remy Timlin,Remy Timlin,Remy Timlin,Remy Timlin,148
05-420-8629,Olly,Connick,IV,2018-02-27,Business Development,Reindahl,Tulsa,Oklahoma,74149,Transportation,918-583-0810,571-871-4900,405-893-0122,America/Chicago,America/New_York,America/Chicago,Oil Refining/Marketing,United States,Olly Connick,Olly Connick,Olly Connick,Olly Connick,Olly Connick,149
67-706-1866,Dominique,Spread,II,2017-04-16,Legal,Anhalt,Roanoke,Virginia,24029,n/a,540-934-5481,218-977-1620,602-845-0608,America/New_York,America/Chicago,America/Phoenix,n/a,United States,Dominique Spread,Dominique Spread,Dominique Spread,Dominique Spread,Dominique Spread,150
82-388-1402,Filippo,Folds,III,2016-04-18,Business Development,Crownhardt,Chula Vista,California,91913,n/a,619-548-9114,619-226-8795,803-918-0812,America/Los_Angeles,America/Los_Angeles,America/New_York,n/a,United States,Filippo Folds,Filippo Folds,Filippo Folds,Filippo Folds,Filippo Folds,151
35-633-6950,Cecil,Huggin,II,2016-08-03,Training,Esker,Richmond,Virginia,23260,Health Care,804-172-8985,602-943-7421,865-487-6355,America/New_York,America/Phoenix,America/New_York,Biotechnology: Biological Products (No Diagnostic Substances),United States,Cecil Huggin,Cecil Huggin,Cecil Huggin,Cecil Huggin,Cecil Huggin,152
81-721-2751,Cesar,Breton,III,2015-06-15,Training,Hagan,Huntington,West Virginia,25726,Consumer Non-Durables,304-655-1282,816-757-7969,812-551-4069,America/New_York,America/Chicago,America/Chicago,Homebuilding,United States,Cesar Breton,Cesar Breton,Cesar Breton,Cesar Breton,Cesar Breton,153
48-396-1204,Drucie,Nozzolinii,III,2016-01-02,Marketing,Stang,Sacramento,California,94273,Consumer Services,916-782-9726,317-979-3252,206-521-7560,America/Los_Angeles,America/Indiana/Indianapolis,America/Los_Angeles,Movies/Entertainment,United States,Drucie Nozzolinii,Drucie Nozzolinii,Drucie Nozzolinii,Drucie Nozzolinii,Drucie Nozzolinii,154
69-604-9615,Susy,Ashbee,IV,2017-05-19,Services,Schlimgen,Cincinnati,Ohio,45208,Capital Goods,513-176-2754,216-536-0164,919-423-5357,America/New_York,America/New_York,America/New_York,Fluid Controls,United States,Susy Ashbee,Susy Ashbee,Susy Ashbee,Susy Ashbee,Susy Ashbee,155
26-514-4020,Elwira,Grave,IV,2018-02-02,Sales,Carey,Buffalo,New York,14225,Consumer Services,716-737-6444,312-558-1534,864-683-2015,America/New_York,America/Chicago,America/New_York,Real Estate Investment Trusts,United States,Elwira Grave,Elwira Grave,Elwira Grave,Elwira Grave,Elwira Grave,156
14-157-1100,Bamby,Gawthorp,II,2015-12-20,Accounting,Graceland,Columbia,South Carolina,29220,n/a,803-871-1002,614-204-0800,318-210-3808,America/New_York,America/New_York,America/Chicago,n/a,United States,Bamby Gawthorp,Bamby Gawthorp,Bamby Gawthorp,Bamby Gawthorp,Bamby Gawthorp,157
16-905-6574,Sebastian,Burras,III,2016-05-06,Research and Development,Butterfield,Fort Lauderdale,Florida,33305,n/a,954-236-7148,310-371-2831,712-263-7326,America/New_York,America/Los_Angeles,America/Chicago,n/a,United States,Sebastian Burras,Sebastian Burras,Sebastian Burras,Sebastian Burras,Sebastian Burras,158
79-855-4574,Inge,Mirams,IV,2018-02-06,Business Development,Melrose,Seattle,Washington,98121,Capital Goods,253-363-2185,517-386-8477,361-153-2006,America/Los_Angeles,America/Detroit,America/Chicago,Electrical Products,United States,Inge Mirams,Inge Mirams,Inge Mirams,Inge Mirams,Inge Mirams,159
90-006-5947,Terrance,Nell,Sr,2017-02-20,Training,Ohio,Cincinnati,Ohio,45271,Consumer Services,513-746-2955,614-935-3237,713-515-7162,America/New_York,America/New_York,America/Chicago,Broadcasting,United States,Terrance Nell,Terrance Nell,Terrance Nell,Terrance Nell,Terrance Nell,160
81-731-1937,Frederic,Bachshell,II,2015-06-07,Accounting,Briar Crest,Detroit,Michigan,48295,Consumer Services,313-812-5174,225-222-7903,402-556-9484,America/Detroit,America/Chicago,America/Chicago,Clothing/Shoe/Accessory Stores,United States,Frederic Bachshell,Frederic Bachshell,Frederic Bachshell,Frederic Bachshell,Frederic Bachshell,161
36-743-6781,Nikki,Mackelworth,II,2017-11-05,Product Management,High Crossing,Washington,District of Columbia,20029,Finance,202-649-6260,423-292-9454,513-928-3057,America/New_York,America/New_York,America/New_York,Business Services,United States,Nikki Mackelworth,Nikki Mackelworth,Nikki Mackelworth,Nikki Mackelworth,Nikki Mackelworth,162
90-523-4693,Carita,Blouet,II,2016-05-17,Engineering,Saint Paul,Portland,Oregon,97211,Public Utilities,503-235-4994,951-694-7293,859-259-1504,America/Los_Angeles,America/Los_Angeles,America/New_York,Telecommunications Equipment,United States,Carita Blouet,Carita Blouet,Carita Blouet,Carita Blouet,Carita Blouet,163
16-289-6664,Magdalen,Maciejak,II,2017-03-07,Training,Commercial,Tucson,Arizona,85737,Capital Goods,520-149-1421,480-715-1251,619-284-3696,America/Phoenix,America/Phoenix,America/Los_Angeles,Auto Parts:O.E.M.,United States,Magdalen Maciejak,Magdalen Maciejak,Magdalen Maciejak,Magdalen Maciejak,Magdalen Maciejak,164
58-055-4527,Constancy,Jeness,IV,2015-11-25,Marketing,Lukken,Portsmouth,Virginia,23705,Public Utilities,757-189-3371,202-946-3568,916-187-4151,America/New_York,America/New_York,America/Los_Angeles,Telecommunications Equipment,United States,Constancy Jeness,Constancy Jeness,Constancy Jeness,Constancy Jeness,Constancy Jeness,165
48-531-3179,Talyah,Dorricott,III,2017-01-11,Marketing,Macpherson,Pittsburgh,Pennsylvania,15210,Finance,412-387-8762,650-714-5081,512-834-6470,America/New_York,America/Los_Angeles,America/Chicago,Major Banks,United States,Talyah Dorricott,Talyah Dorricott,Talyah Dorricott,Talyah Dorricott,Talyah Dorricott,166
31-431-5504,Morly,Ebbotts,II,2016-01-21,Training,New Castle,Irvine,California,92717,Consumer Services,714-651-2643,509-604-7427,212-510-9734,America/Los_Angeles,America/Los_Angeles,America/New_York,Hotels/Resorts,United States,Morly Ebbotts,Morly Ebbotts,Morly Ebbotts,Morly Ebbotts,Morly Ebbotts,167
08-707-2671,Nickie,Byram,Sr,2018-04-03,Training,Calypso,Bronx,New York,10464,Energy,718-515-1235,813-740-7531,305-668-6759,America/New_York,America/New_York,America/New_York,Industrial Machinery/Components,United States,Nickie Byram,Nickie Byram,Nickie Byram,Nickie Byram,Nickie Byram,168
38-501-9255,Arnaldo,Barense,IV,2018-01-28,Sales,Independence,Miami,Florida,33196,Finance,305-830-4497,916-870-9022,469-146-3545,America/New_York,America/Los_Angeles,America/Chicago,Savings Institutions,United States,Arnaldo Barense,Arnaldo Barense,Arnaldo Barense,Arnaldo Barense,Arnaldo Barense,169
16-576-6158,Mallorie,Fishbie,Jr,2015-06-14,Research and Development,Lyons,New Orleans,Louisiana,70187,Public Utilities,504-767-9974,952-210-2720,941-856-1485,America/Chicago,America/Chicago,America/New_York,Electric Utilities: Central,United States,Mallorie Fishbie,Mallorie Fishbie,Mallorie Fishbie,Mallorie Fishbie,Mallorie Fishbie,170
79-329-9666,Lissa,Sillars,II,2016-02-18,Business Development,Merchant,Chicago,Illinois,60619,Health Care,312-644-3211,708-196-1235,304-220-1921,America/Chicago,America/Chicago,America/New_York,Major Pharmaceuticals,United States,Lissa Sillars,Lissa Sillars,Lissa Sillars,Lissa Sillars,Lissa Sillars,171
24-312-4567,Staford,Saffell,Jr,2016-01-30,Accounting,Sugar,Bakersfield,California,93305,Consumer Durables,805-857-9791,312-724-7463,228-534-4606,America/Los_Angeles,America/Chicago,America/Chicago,Home Furnishings,United States,Staford Saffell,Staford Saffell,Staford Saffell,Staford Saffell,Staford Saffell,172
44-229-5686,Zachary,McPhilip,Sr,2018-02-08,Support,Doe Crossing,Dallas,Texas,75216,Health Care,214-621-8022,412-339-3128,434-421-2182,America/Chicago,America/New_York,America/New_York,Biotechnology: Commercial Physical & Biological Resarch,United States,Zachary McPhilip,Zachary McPhilip,Zachary McPhilip,Zachary McPhilip,Zachary McPhilip,173
78-213-3845,Roi,Insall,IV,2016-09-12,Research and Development,Del Sol,Houston,Texas,77206,Health Care,713-255-5946,515-324-3731,901-500-4462,America/Chicago,America/Chicago,America/Chicago,Biotechnology: Biological Products (No Diagnostic Substances),United States,Roi Insall,Roi Insall,Roi Insall,Roi Insall,Roi Insall,174
76-245-7242,Lief,Jagg,Jr,2017-08-08,Research and Development,Prairie Rose,Detroit,Michigan,48295,Energy,313-344-0620,210-826-0549,901-944-7917,America/Detroit,America/Chicago,America/Chicago,Oil & Gas Production,United States,Lief Jagg,Lief Jagg,Lief Jagg,Lief Jagg,Lief Jagg,175
51-507-8927,Gan,Smitheman,III,2017-09-01,Engineering,Schlimgen,Clearwater,Florida,34615,Health Care,727-681-4694,773-962-7925,915-595-2546,America/New_York,America/Chicago,America/Denver,Major Pharmaceuticals,United States,Gan Smitheman,Gan Smitheman,Gan Smitheman,Gan Smitheman,Gan Smitheman,176
44-768-6466,Logan,Grose,Sr,2018-05-19,Legal,Di Loreto,Los Angeles,California,90015,n/a,310-656-8662,202-283-9825,256-126-8949,America/Los_Angeles,America/New_York,America/Chicago,n/a,United States,Logan Grose,Logan Grose,Logan Grose,Logan Grose,Logan Grose,177
69-798-2035,Hatti,Duguid,Jr,2016-06-27,Marketing,Heffernan,Seattle,Washington,98133,Basic Industries,425-214-6361,773-882-4745,404-587-3057,America/Los_Angeles,America/Chicago,America/New_York,Major Chemicals,United States,Hatti Duguid,Hatti Duguid,Hatti Duguid,Hatti Duguid,Hatti Duguid,178
95-758-2970,Sean,Calvey,II,2016-12-25,Training,Esker,Philadelphia,Pennsylvania,19120,Miscellaneous,267-171-5850,937-184-0794,970-555-8700,America/New_York,America/New_York,America/Denver,Business Services,United States,Sean Calvey,Sean Calvey,Sean Calvey,Sean Calvey,Sean Calvey,179
12-686-1262,Willi,Poutress,III,2016-01-17,Research and Development,Petterle,Shreveport,Louisiana,71151,n/a,318-515-2643,801-202-3153,503-199-0422,America/Chicago,America/Denver,America/Los_Angeles,n/a,United States,Willi Poutress,Willi Poutress,Willi Poutress,Willi Poutress,Willi Poutress,180
12-265-8687,Paolina,Notman,IV,2016-05-16,Support,Oak,Charlotte,North Carolina,28278,Public Utilities,704-860-9968,305-698-2302,718-285-9493,America/New_York,America/New_York,America/New_York,Telecommunications Equipment,United States,Paolina Notman,Paolina Notman,Paolina Notman,Paolina Notman,Paolina Notman,181
64-261-6313,Myrvyn,Drillingcourt,Sr,2018-01-09,Sales,Hallows,Syracuse,New York,13224,Consumer Services,315-627-8864,303-516-7953,501-485-8311,America/New_York,America/Denver,America/Chicago,Office Equipment/Supplies/Services,United States,Myrvyn Drillingcourt,Myrvyn Drillingcourt,Myrvyn Drillingcourt,Myrvyn Drillingcourt,Myrvyn Drillingcourt,182
62-827-2945,Sibylle,Bravington,III,2016-01-14,Human Resources,High Crossing,Athens,Georgia,30610,Basic Industries,706-355-5093,304-730-2375,303-457-5927,America/New_York,America/New_York,America/Denver,Electric Utilities: Central,United States,Sibylle Bravington,Sibylle Bravington,Sibylle Bravington,Sibylle Bravington,Sibylle Bravington,183
87-367-5171,Charil,Kelsell,III,2018-04-17,Research and Development,Hollow Ridge,Boston,Massachusetts,02216,Public Utilities,617-970-4555,859-502-1710,913-463-8744,America/New_York,America/New_York,America/Chicago,Telecommunications Equipment,United States,Charil Kelsell,Charil Kelsell,Charil Kelsell,Charil Kelsell,Charil Kelsell,184
75-640-5664,Aymer,Boddymead,III,2016-12-21,Business Development,Dahle,Tallahassee,Florida,32309,Technology,850-678-7509,919-730-9221,801-556-3608,America/New_York,America/New_York,America/Denver,Electrical Products,United States,Aymer Boddymead,Aymer Boddymead,Aymer Boddymead,Aymer Boddymead,Aymer Boddymead,185
08-528-7808,Gery,Bertin,III,2016-07-16,Services,Dovetail,Long Beach,California,90831,Finance,562-494-3150,205-576-7092,513-727-3717,America/Los_Angeles,America/Chicago,America/New_York,Major Banks,United States,Gery Bertin,Gery Bertin,Gery Bertin,Gery Bertin,Gery Bertin,186
41-658-7932,Tris,Shawdforth,Jr,2016-01-20,Accounting,Fairfield,Winston Salem,North Carolina,27150,Finance,336-746-9098,405-597-0720,225-792-9887,America/New_York,America/Chicago,America/Chicago,Commercial Banks,United States,Tris Shawdforth,Tris Shawdforth,Tris Shawdforth,Tris Shawdforth,Tris Shawdforth,187
03-504-1146,Shayna,Crosham,II,2017-09-11,Training,Merrick,Newark,New Jersey,07188,Finance,862-397-8395,202-118-0018,727-282-6971,America/New_York,America/New_York,America/New_York,Finance Companies,United States,Shayna Crosham,Shayna Crosham,Shayna Crosham,Shayna Crosham,Shayna Crosham,188
57-359-5452,Auroora,Grimditch,II,2017-03-02,Services,Mallard,Cleveland,Ohio,44105,n/a,216-774-3748,713-809-9401,214-100-3686,America/New_York,America/Chicago,America/Chicago,n/a,United States,Auroora Grimditch,Auroora Grimditch,Auroora Grimditch,Auroora Grimditch,Auroora Grimditch,189
35-152-1074,Davidde,Narramore,II,2016-07-21,Research and Development,Mesta,Denver,Colorado,80209,Health Care,719-490-7421,316-940-7688,602-845-7232,America/Denver,America/Chicago,America/Phoenix,Medical/Nursing Services,United States,Davidde Narramore,Davidde Narramore,Davidde Narramore,Davidde Narramore,Davidde Narramore,190
82-705-4633,Laurice,Cutts,IV,2017-06-17,Services,Commercial,Denver,Colorado,80228,Consumer Services,303-456-2537,212-690-2982,808-263-8761,America/Denver,America/New_York,Pacific/Honolulu,Real Estate Investment Trusts,United States,Laurice Cutts,Laurice Cutts,Laurice Cutts,Laurice Cutts,Laurice Cutts,191
37-835-8252,Shantee,Meadus,IV,2015-09-25,Services,Leroy,San Diego,California,92132,Consumer Non-Durables,858-601-1108,336-305-4227,505-678-2533,America/Los_Angeles,America/New_York,America/Denver,Recreational Products/Toys,United States,Shantee Meadus,Shantee Meadus,Shantee Meadus,Shantee Meadus,Shantee Meadus,192
69-742-8147,Mufi,De-Ville,IV,2017-05-24,Business Development,Village,Arlington,Texas,76004,Health Care,817-664-6976,330-571-4046,860-655-6801,America/Chicago,America/New_York,America/New_York,Industrial Specialties,United States,Mufi De-Ville,Mufi De-Ville,Mufi De-Ville,Mufi De-Ville,Mufi De-Ville,193
97-363-1416,Janka,Yate,Jr,2018-06-02,Support,Sutherland,Jackson,Mississippi,39216,n/a,601-142-9946,210-215-5468,334-893-2200,America/Chicago,America/Chicago,America/Chicago,n/a,United States,Janka Yate,Janka Yate,Janka Yate,Janka Yate,Janka Yate,194
89-972-3090,Abrahan,Niland,II,2016-01-19,Human Resources,Delladonna,Indianapolis,Indiana,46239,Public Utilities,317-954-2317,305-797-5889,813-877-3227,America/Indiana/Indianapolis,America/New_York,America/New_York,Natural Gas Distribution,United States,Abrahan Niland,Abrahan Niland,Abrahan Niland,Abrahan Niland,Abrahan Niland,195
07-778-7743,Darda,Lennarde,IV,2017-04-20,Legal,Arizona,Greensboro,North Carolina,27499,Technology,336-996-8618,321-294-5437,-375-2547,America/New_York,America/New_York,America/New_York,EDP Services,United States,Darda Lennarde,Darda Lennarde,Darda Lennarde,Darda Lennarde,Darda Lennarde,196
34-817-4158,Audy,Keel,Sr,2017-09-20,Support,Caliangt,Huntington,West Virginia,25711,Technology,304-769-3274,702-167-6882,972-592-5954,America/New_York,America/Los_Angeles,America/Chicago,Computer Software: Prepackaged Software,United States,Audy Keel,Audy Keel,Audy Keel,Audy Keel,Audy Keel,197
36-336-3042,Noemi,Clunan,Sr,2018-02-14,Sales,Starling,Roanoke,Virginia,24014,n/a,540-775-5005,952-194-7863,404-903-5639,America/New_York,America/Chicago,America/New_York,n/a,United States,Noemi Clunan,Noemi Clunan,Noemi Clunan,Noemi Clunan,Noemi Clunan,198
28-116-4214,Donny,Wanka,III,2015-10-31,Research and Development,Atwood,Jackson,Mississippi,39204,Consumer Services,601-924-9414,707-194-8367,202-773-4179,America/Chicago,America/Los_Angeles,America/New_York,Restaurants,United States,Donny Wanka,Donny Wanka,Donny Wanka,Donny Wanka,Donny Wanka,199
58-063-6984,Bernadette,Widmore,III,2018-04-23,Services,5th,Omaha,Nebraska,68164,Technology,402-346-2413,616-594-1752,210-529-8512,America/Chicago,America/Detroit,America/Chicago,EDP Services,United States,Bernadette Widmore,Bernadette Widmore,Bernadette Widmore,Bernadette Widmore,Bernadette Widmore,200
37-081-1609,Tore,Caizley,IV,2015-09-22,Research and Development,Marquette,Waco,Texas,76711,Technology,254-549-1348,971-877-1930,330-119-7559,America/Chicago,America/Los_Angeles,America/New_York,Computer Software: Prepackaged Software,United States,Tore Caizley,Tore Caizley,Tore Caizley,Tore Caizley,Tore Caizley,201
23-760-7237,Avery,Bigadike,IV,2015-05-10,Business Development,Washington,Pittsburgh,Pennsylvania,15266,Miscellaneous,-648-5951,626-366-7221,234-786-3764,America/New_York,America/Los_Angeles,America/New_York,Business Services,United States,Avery Bigadike,Avery Bigadike,Avery Bigadike,Avery Bigadike,Avery Bigadike,202
33-931-9865,Micheal,Hardman,III,2015-10-17,Human Resources,East,Duluth,Minnesota,55805,Basic Industries,218-252-4821,918-499-8237,806-728-7879,America/Chicago,America/Chicago,America/Chicago,Water Supply,United States,Micheal Hardman,Micheal Hardman,Micheal Hardman,Micheal Hardman,Micheal Hardman,203
45-052-2470,Ben,Smithson,III,2017-05-05,Training,Loftsgordon,Brockton,Massachusetts,02305,n/a,508-304-0577,314-945-7311,281-133-2943,America/New_York,America/Chicago,America/Chicago,n/a,United States,Ben Smithson,Ben Smithson,Ben Smithson,Ben Smithson,Ben Smithson,204
11-774-6235,Mohammed,Sorton,Sr,2017-03-07,Research and Development,Lakeland,Lexington,Kentucky,40576,Public Utilities,859-711-8369,806-697-7878,859-779-7129,America/New_York,America/Chicago,America/New_York,Telecommunications Equipment,United States,Mohammed Sorton,Mohammed Sorton,Mohammed Sorton,Mohammed Sorton,Mohammed Sorton,205
37-079-4944,Perkin,Liptrod,Jr,2016-01-20,Marketing,Riverside,Honolulu,Hawaii,96835,Consumer Services,808-116-0512,816-919-6187,212-302-1076,Pacific/Honolulu,America/Chicago,America/New_York,Clothing/Shoe/Accessory Stores,United States,Perkin Liptrod,Perkin Liptrod,Perkin Liptrod,Perkin Liptrod,Perkin Liptrod,206
35-343-7230,Nealy,Simmell,Jr,2016-02-28,Human Resources,Buena Vista,Port Washington,New York,11054,Finance,516-316-1123,954-881-3647,303-231-6659,America/New_York,America/New_York,America/Denver,Life Insurance,United States,Nealy Simmell,Nealy Simmell,Nealy Simmell,Nealy Simmell,Nealy Simmell,207
20-619-0949,Rikki,Danford,Sr,2016-05-27,Services,Division,Miami,Florida,33111,n/a,786-805-2943,419-724-6852,601-571-4632,America/New_York,America/New_York,America/Chicago,n/a,United States,Rikki Danford,Rikki Danford,Rikki Danford,Rikki Danford,Rikki Danford,208
74-602-2583,Terencio,Corter,IV,2016-05-30,Services,Cambridge,San Jose,California,95194,Finance,408-200-7413,254-471-2304,504-937-7657,America/Los_Angeles,America/Chicago,America/Chicago,Finance: Consumer Services,United States,Terencio Corter,Terencio Corter,Terencio Corter,Terencio Corter,Terencio Corter,209
47-616-0948,Beatrix,Glading,III,2018-03-23,Engineering,Hermina,Amarillo,Texas,79171,n/a,806-214-4704,702-582-1703,772-711-2353,America/Chicago,America/Los_Angeles,America/New_York,n/a,United States,Beatrix Glading,Beatrix Glading,Beatrix Glading,Beatrix Glading,Beatrix Glading,210
92-774-1646,Kenna,Knappett,IV,2015-07-22,Training,Fairview,Cincinnati,Ohio,45223,Energy,513-563-1395,917-975-5054,805-813-0107,America/New_York,America/New_York,America/Los_Angeles,Oil & Gas Production,United States,Kenna Knappett,Kenna Knappett,Kenna Knappett,Kenna Knappett,Kenna Knappett,211
87-678-4424,Sabine,Stockings,IV,2015-05-21,Support,Grasskamp,Wilkes Barre,Pennsylvania,18768,Consumer Durables,570-782-0255,253-554-9707,312-308-9508,America/New_York,America/Los_Angeles,America/Chicago,Miscellaneous manufacturing industries,United States,Sabine Stockings,Sabine Stockings,Sabine Stockings,Sabine Stockings,Sabine Stockings,212
82-226-5393,Orelia,Enever,III,2017-09-21,Human Resources,Briar Crest,Jackson,Mississippi,39282,n/a,601-713-0156,408-771-0782,801-365-4049,America/Chicago,America/Los_Angeles,America/Denver,n/a,United States,Orelia Enever,Orelia Enever,Orelia Enever,Orelia Enever,Orelia Enever,213
10-603-6367,Cyndy,Speenden,III,2017-05-24,Sales,Jana,Arlington,Virginia,22212,Finance,571-436-8728,801-628-6597,916-318-5361,America/New_York,America/Denver,America/Los_Angeles,Real Estate,United States,Cyndy Speenden,Cyndy Speenden,Cyndy Speenden,Cyndy Speenden,Cyndy Speenden,214
66-713-3087,Felipe,Probert,II,2017-07-06,Engineering,Logan,Baltimore,Maryland,21211,Finance,410-225-8808,212-202-7279,917-862-5876,America/New_York,America/New_York,America/New_York,Major Banks,United States,Felipe Probert,Felipe Probert,Felipe Probert,Felipe Probert,Felipe Probert,215
32-161-8215,Tracy,Murty,II,2018-04-02,Human Resources,Hoepker,Houston,Texas,77250,n/a,713-539-5343,915-236-6729,860-562-7834,America/Chicago,America/Denver,America/New_York,n/a,United States,Tracy Murty,Tracy Murty,Tracy Murty,Tracy Murty,Tracy Murty,216
91-106-4837,Francisca,Suff,Jr,2015-12-09,Sales,Starling,Tucson,Arizona,85732,Finance,520-434-8848,512-735-4339,913-135-7527,America/Phoenix,America/Chicago,America/Chicago,Major Banks,United States,Francisca Suff,Francisca Suff,Francisca Suff,Francisca Suff,Francisca Suff,217
19-613-5190,Olav,Paolazzi,Jr,2017-08-10,Business Development,Clarendon,Houston,Texas,77234,Health Care,713-416-3579,402-496-8585,903-207-9052,America/Chicago,America/Chicago,America/Chicago,Hospital/Nursing Management,United States,Olav Paolazzi,Olav Paolazzi,Olav Paolazzi,Olav Paolazzi,Olav Paolazzi,218
22-755-9445,Haven,Cockran,III,2016-02-22,Legal,Melvin,Seattle,Washington,98158,Technology,360-105-6256,605-276-7360,212-317-9310,America/Los_Angeles,America/Chicago,America/New_York,Electrical Products,United States,Haven Cockran,Haven Cockran,Haven Cockran,Haven Cockran,Haven Cockran,219
88-581-7327,Meggie,Snarr,IV,2016-09-15,Research and Development,Center,San Francisco,California,94169,Capital Goods,415-575-9449,202-596-2529,952-724-5832,America/Los_Angeles,America/New_York,America/Chicago,Military/Government/Technical,United States,Meggie Snarr,Meggie Snarr,Meggie Snarr,Meggie Snarr,Meggie Snarr,220
49-661-3301,Nikoletta,Stollmeyer,Jr,2017-07-22,Human Resources,Johnson,El Paso,Texas,88584,Energy,915-159-5069,330-549-9719,309-352-1870,America/Denver,America/New_York,America/Chicago,Integrated oil Companies,United States,Nikoletta Stollmeyer,Nikoletta Stollmeyer,Nikoletta Stollmeyer,Nikoletta Stollmeyer,Nikoletta Stollmeyer,221
45-679-4242,Flory,Poytres,III,2018-03-11,Marketing,Park Meadow,Saint Petersburg,Florida,33742,Health Care,727-987-3980,419-923-7022,513-743-8866,America/New_York,America/New_York,America/New_York,Major Pharmaceuticals,United States,Flory Poytres,Flory Poytres,Flory Poytres,Flory Poytres,Flory Poytres,222
33-387-9967,Robin,Filkin,Sr,2017-07-13,Marketing,Susan,Vero Beach,Florida,32969,n/a,772-312-6700,562-308-1372,415-284-5912,America/New_York,America/Los_Angeles,America/Los_Angeles,n/a,United States,Robin Filkin,Robin Filkin,Robin Filkin,Robin Filkin,Robin Filkin,223
22-820-7717,Patsy,Fantin,II,2016-01-22,Research and Development,Rusk,Roanoke,Virginia,24048,Consumer Services,540-837-1351,402-666-4170,814-267-2100,America/New_York,America/Chicago,America/New_York,Real Estate Investment Trusts,United States,Patsy Fantin,Patsy Fantin,Patsy Fantin,Patsy Fantin,Patsy Fantin,224
58-457-4246,Judie,Gingedale,II,2016-03-28,Legal,Ohio,Garland,Texas,75044,Consumer Services,972-215-0043,845-280-1004,786-427-7269,America/Chicago,America/New_York,America/New_York,Real Estate Investment Trusts,United States,Judie Gingedale,Judie Gingedale,Judie Gingedale,Judie Gingedale,Judie Gingedale,225
50-149-4115,Teirtza,Gossage,II,2018-05-17,Accounting,Bobwhite,Port Saint Lucie,Florida,34985,n/a,772-599-3953,413-905-4577,574-926-0186,America/New_York,America/New_York,America/Indiana/Indianapolis,n/a,United States,Teirtza Gossage,Teirtza Gossage,Teirtza Gossage,Teirtza Gossage,Teirtza Gossage,226
17-059-8114,Veriee,Bauckham,Sr,2017-05-07,Engineering,Sunnyside,Saint Cloud,Minnesota,56398,Consumer Durables,320-391-8094,503-944-1174,812-491-2986,America/Chicago,America/Los_Angeles,America/Chicago,Telecommunications Equipment,United States,Veriee Bauckham,Veriee Bauckham,Veriee Bauckham,Veriee Bauckham,Veriee Bauckham,227
08-662-0742,Giffie,Lane,Jr,2016-12-14,Marketing,Memorial,Salem,Oregon,97306,Health Care,503-360-1422,817-416-0446,915-278-9010,America/Los_Angeles,America/Chicago,America/Denver,Medical/Dental Instruments,United States,Giffie Lane,Giffie Lane,Giffie Lane,Giffie Lane,Giffie Lane,228
91-983-3441,Mikael,Grzesiewicz,IV,2018-01-02,Services,Mosinee,Carson City,Nevada,89714,Consumer Services,775-528-8528,239-225-8929,402-420-2709,America/Los_Angeles,America/New_York,America/Chicago,Clothing/Shoe/Accessory Stores,United States,Mikael Grzesiewicz,Mikael Grzesiewicz,Mikael Grzesiewicz,Mikael Grzesiewicz,Mikael Grzesiewicz,229
53-403-0270,Maxy,Swan,IV,2016-05-08,Engineering,Maryland,San Diego,California,92132,Technology,858-789-5603,504-878-4901,610-471-3965,America/Los_Angeles,America/Chicago,America/New_York,Semiconductors,United States,Maxy Swan,Maxy Swan,Maxy Swan,Maxy Swan,Maxy Swan,230
22-622-8286,Mead,Boggas,IV,2017-09-08,Engineering,Morning,Fort Myers,Florida,33906,Miscellaneous,239-407-3686,203-845-5291,602-221-7668,America/New_York,America/New_York,America/Phoenix,Industrial Machinery/Components,United States,Mead Boggas,Mead Boggas,Mead Boggas,Mead Boggas,Mead Boggas,231
72-979-7734,Datha,Tytterton,Sr,2015-10-13,Services,Dexter,Winston Salem,North Carolina,27116,Technology,336-630-1227,706-470-6267,302-409-8852,America/New_York,America/New_York,America/New_York,Semiconductors,United States,Datha Tytterton,Datha Tytterton,Datha Tytterton,Datha Tytterton,Datha Tytterton,232
58-039-9626,Nickolaus,Colhoun,Sr,2015-10-19,Business Development,School,Winston Salem,North Carolina,27157,n/a,336-645-8686,619-709-3536,281-764-7610,America/New_York,America/Los_Angeles,America/Chicago,n/a,United States,Nickolaus Colhoun,Nickolaus Colhoun,Nickolaus Colhoun,Nickolaus Colhoun,Nickolaus Colhoun,233
74-141-0138,Ruy,Westbrook,Sr,2017-02-27,Sales,Stone Corner,Portland,Oregon,97232,Health Care,503-179-5710,334-531-5173,585-513-8228,America/Los_Angeles,America/Chicago,America/New_York,Major Pharmaceuticals,United States,Ruy Westbrook,Ruy Westbrook,Ruy Westbrook,Ruy Westbrook,Ruy Westbrook,234
44-812-8029,Fonzie,Ditty,Sr,2015-09-03,Product Management,Thackeray,Long Beach,California,90810,Finance,323-609-8870,302-480-7118,716-962-2643,America/Los_Angeles,America/New_York,America/New_York,Major Banks,United States,Fonzie Ditty,Fonzie Ditty,Fonzie Ditty,Fonzie Ditty,Fonzie Ditty,235
36-770-9972,Hussein,Crimin,II,2017-10-04,Product Management,Troy,Salinas,California,93907,Finance,831-416-5125,619-978-6033,805-268-1404,America/Los_Angeles,America/Los_Angeles,America/Los_Angeles,Investment Bankers/Brokers/Service,United States,Hussein Crimin,Hussein Crimin,Hussein Crimin,Hussein Crimin,Hussein Crimin,236
40-475-2754,Garner,Shurey,III,2016-10-02,Engineering,Westerfield,Honolulu,Hawaii,96845,Health Care,808-487-1239,336-171-4918,225-365-0795,Pacific/Honolulu,America/New_York,America/Chicago,Biotechnology: Electromedical & Electrotherapeutic Apparatus,United States,Garner Shurey,Garner Shurey,Garner Shurey,Garner Shurey,Garner Shurey,237
06-017-6934,Hunfredo,Fisby,Jr,2016-01-10,Research and Development,Algoma,West Palm Beach,Florida,33421,Basic Industries,561-127-0210,915-129-4761,559-643-8223,America/New_York,America/Denver,America/Los_Angeles,Precious Metals,United States,Hunfredo Fisby,Hunfredo Fisby,Hunfredo Fisby,Hunfredo Fisby,Hunfredo Fisby,238
68-408-3924,Ainsley,Willman,III,2015-08-29,Training,Cambridge,Washington,District of Columbia,20205,Technology,202-483-4669,415-143-3845,914-478-4280,America/New_York,America/Los_Angeles,America/New_York,Semiconductors,United States,Ainsley Willman,Ainsley Willman,Ainsley Willman,Ainsley Willman,Ainsley Willman,239
58-995-8575,Clayton,Somes,II,2016-09-21,Services,Maple,Los Angeles,California,90025,n/a,424-484-7162,646-135-3865,812-607-0533,America/Los_Angeles,America/New_York,America/Chicago,n/a,United States,Clayton Somes,Clayton Somes,Clayton Somes,Clayton Somes,Clayton Somes,240
31-621-8181,Jenn,McKechnie,Sr,2016-09-18,Human Resources,Sommers,Peoria,Illinois,61640,Consumer Services,309-837-4410,805-933-2797,414-884-0597,America/Chicago,America/Los_Angeles,America/Chicago,Real Estate Investment Trusts,United States,Jenn McKechnie,Jenn McKechnie,Jenn McKechnie,Jenn McKechnie,Jenn McKechnie,241
79-208-8532,Rora,Melmore,II,2017-08-14,Engineering,Redwing,Amarillo,Texas,79118,Finance,806-382-2343,402-298-5528,508-345-4233,America/Chicago,America/Chicago,America/New_York,Property-Casualty Insurers,United States,Rora Melmore,Rora Melmore,Rora Melmore,Rora Melmore,Rora Melmore,242
22-215-6798,Ange,Haslen,Jr,2016-07-07,Support,Thompson,Birmingham,Alabama,35263,n/a,205-578-5065,617-690-1414,571-442-3205,America/Chicago,America/New_York,America/New_York,n/a,United States,Ange Haslen,Ange Haslen,Ange Haslen,Ange Haslen,Ange Haslen,243
38-347-5571,Rakel,Flack,Jr,2016-12-18,Accounting,Vidon,Long Beach,California,90810,Health Care,323-464-7922,785-807-9192,405-517-4688,America/Los_Angeles,America/Chicago,America/Chicago,Biotechnology: In Vitro & In Vivo Diagnostic Substances,United States,Rakel Flack,Rakel Flack,Rakel Flack,Rakel Flack,Rakel Flack,244
58-407-2520,Minetta,Krimmer,III,2016-06-19,Product Management,South,Naples,Florida,34108,Energy,941-607-6021,469-531-8756,502-925-6663,America/New_York,America/Chicago,America/Kentucky/Louisville,Natural Gas Distribution,United States,Minetta Krimmer,Minetta Krimmer,Minetta Krimmer,Minetta Krimmer,Minetta Krimmer,245
26-322-3867,Arlyne,Winterbourne,Jr,2017-01-27,Product Management,Maryland,Louisville,Kentucky,40280,Capital Goods,502-921-5613,916-870-7140,925-860-9169,America/Kentucky/Louisville,America/Los_Angeles,America/Los_Angeles,Industrial Machinery/Components,United States,Arlyne Winterbourne,Arlyne Winterbourne,Arlyne Winterbourne,Arlyne Winterbourne,Arlyne Winterbourne,246
78-337-0672,Beau,Rushmere,Sr,2017-08-18,Legal,Oakridge,Modesto,California,95354,Health Care,209-320-7796,304-543-6541,501-445-5593,America/Los_Angeles,America/New_York,America/Chicago,Major Pharmaceuticals,United States,Beau Rushmere,Beau Rushmere,Beau Rushmere,Beau Rushmere,Beau Rushmere,247
36-340-6395,Dennet,Bagge,IV,2016-03-08,Human Resources,Forest Dale,Omaha,Nebraska,68134,Finance,402-353-6292,205-326-2297,512-582-5433,America/Chicago,America/Chicago,America/Chicago,Finance: Consumer Services,United States,Dennet Bagge,Dennet Bagge,Dennet Bagge,Dennet Bagge,Dennet Bagge,248
79-869-7599,Morna,Cossem,IV,2017-11-28,Sales,Anzinger,Newton,Massachusetts,02162,Energy,508-114-3759,602-768-4977,213-552-0019,America/New_York,America/Phoenix,America/Los_Angeles,Oil & Gas Production,United States,Morna Cossem,Morna Cossem,Morna Cossem,Morna Cossem,Morna Cossem,249
21-450-2522,Durant,Dallas,II,2017-08-20,Legal,Mariners Cove,Hollywood,Florida,33023,Health Care,305-669-4212,505-920-6396,702-900-3188,America/New_York,America/Denver,America/Los_Angeles,Medical/Dental Instruments,United States,Durant Dallas,Durant Dallas,Durant Dallas,Durant Dallas,Durant Dallas,250
